Token ID,Username,Timestamp,Highest Level
0,deployer,2025-11-18T04:50:39.000Z,0
1,kronosapiens,2025-11-18T04:57:47.000Z,5
2,bal7hazar,2025-11-18T08:27:29.000Z,5
3,bal,2025-11-18T12:47:58.000Z,0
4,broody,2025-11-18T18:35:36.000Z,0
5,jubs,2025-11-18T21:51:23.000Z,0
6,toasterjess,2025-11-18T22:42:10.000Z,4
7,nicon44,2025-11-18T23:09:01.000Z,0
8,bautitest,2025-11-19T00:45:12.000Z,0
9,dankstein,2025-11-19T02:40:05.000Z,1
10,ligi,2025-11-19T08:52:35.000Z,0
11,scott1up,2025-11-19T11:53:58.000Z,0
12,jeremyb,2025-11-19T12:47:42.000Z,3
13,doma12345,2025-11-19T13:35:32.000Z,1
14,kriptoale,2025-11-19T13:43:07.000Z,2
15,pk910,2025-11-19T14:18:14.000Z,0
16,skylenet,2025-11-19T14:20:07.000Z,2
17,cheelax,2025-11-19T14:22:42.000Z,0
18,mhiskall,2025-11-19T14:45:49.000Z,0
19,maxwell5,2025-11-19T15:22:30.000Z,0
20,victorsnz,2025-11-19T15:31:25.000Z,2
21,presorts,2025-11-19T15:36:16.000Z,0
22,cryptos,2025-11-19T16:00:16.000Z,0
23,metaman,2025-11-19T16:05:33.000Z,0
24,qud,2025-11-19T16:10:17.000Z,0
25,cryptogirl,2025-11-19T16:17:13.000Z,0
26,shorshaa,2025-11-19T16:17:53.000Z,1
27,mataleone,2025-11-19T16:18:54.000Z,0
28,goatlol,2025-11-19T16:31:23.000Z,2
29,shorshaa-,2025-11-19T16:33:29.000Z,2
30,idkwtf,2025-11-19T16:47:17.000Z,0
31,broodyubuntu,2025-11-19T17:03:08.000Z,0
32,summerbummer,2025-11-19T17:22:53.000Z,0
33,midnite,2025-11-19T17:27:30.000Z,0
34,klifort,2025-11-19T17:29:13.000Z,0
35,ulisss,2025-11-19T17:30:17.000Z,0
36,ayomide,2025-11-19T17:36:16.000Z,0
37,mvgen,2025-11-19T17:41:44.000Z,0
38,dami,2025-11-19T17:53:25.000Z,0
39,mefe,2025-11-19T17:55:01.000Z,0
40,shinobi,2025-11-19T17:57:16.000Z,0
41,santifega,2025-11-19T18:02:37.000Z,3
42,lucidak,2025-11-19T18:05:01.000Z,3
43,tckentrcnic,2025-11-19T18:07:48.000Z,0
44,glihm,2025-11-19T18:12:39.000Z,0
45,punit7578,2025-11-19T18:16:06.000Z,0
46,rollorsson,2025-11-19T18:23:26.000Z,0
47,ethpandaops,2025-11-19T19:15:37.000Z,1
48,ijc,2025-11-19T19:28:48.000Z,0
49,qu0b,2025-11-19T19:30:24.000Z,2
50,unknownoctopus,2025-11-19T19:35:25.000Z,0
51,martg0,2025-11-19T19:36:26.000Z,0
52,lucasg,2025-11-19T19:41:46.000Z,0
53,metzler,2025-11-19T19:44:06.000Z,0
54,hannesgao,2025-11-19T19:45:25.000Z,0
55,fabi,2025-11-19T20:24:45.000Z,0
56,floruwu,2025-11-19T20:36:02.000Z,0
57,kutaibah,2025-11-19T20:52:19.000Z,0
58,dalmasonto,2025-11-19T21:04:23.000Z,0
59,agusdom97,2025-11-19T21:16:39.000Z,0
60,enoch,2025-11-19T21:23:39.000Z,0
61,octaviusdelta,2025-11-19T21:24:13.000Z,0
62,alfajores,2025-11-20T00:03:47.000Z,0
63,hexenhammer,2025-11-20T01:44:39.000Z,3
64,trash,2025-11-20T02:02:04.000Z,2
65,naha,2025-11-20T04:00:27.000Z,0
66,viancca,2025-11-20T05:04:10.000Z,0
67,lbarrera28,2025-11-20T09:22:59.000Z,0
68,igneum,2025-11-20T10:24:47.000Z,0
69,spn,2025-11-20T12:22:26.000Z,0
70,miep,2025-11-20T13:33:04.000Z,3
71,nitasha,2025-11-20T14:06:48.000Z,0
72,rsuriano,2025-11-20T14:09:57.000Z,5
73,arlia,2025-11-20T14:17:10.000Z,0
74,kadziel,2025-11-20T14:56:15.000Z,0
75,dcalderon,2025-11-20T14:57:46.000Z,3
76,emmaglorypraise,2025-11-20T16:09:29.000Z,0
77,anjalikmc,2025-11-20T16:19:57.000Z,0
78,axic,2025-11-20T16:27:15.000Z,5
79,rowbell,2025-11-20T16:43:32.000Z,0
80,miguelc,2025-11-20T17:04:49.000Z,0
81,kinxa,2025-11-20T17:40:31.000Z,0
82,launamu,2025-11-20T17:40:44.000Z,0
83,thataustin,2025-11-20T17:58:57.000Z,0
84,aimv,2025-11-20T18:24:03.000Z,0
85,tekkac,2025-11-20T18:55:18.000Z,0
86,kenna,2025-11-20T18:59:29.000Z,5
87,jber,2025-11-20T19:42:19.000Z,3
88,pablof,2025-11-20T20:12:09.000Z,0
89,ghostburns,2025-11-20T20:57:54.000Z,0
90,miguel88,2025-11-20T22:51:40.000Z,1
91,bachen,2025-11-21T01:11:19.000Z,0
92,mgisele,2025-11-21T03:22:53.000Z,0
93,eugenetica,2025-11-21T05:29:05.000Z,0
94,lozax,2025-11-21T12:52:09.000Z,0
95,ntl,2025-11-21T13:32:17.000Z,0
96,wrekafekt,2025-11-21T13:55:57.000Z,0
97,aramiz,2025-11-21T16:19:03.000Z,0
98,nursaadat,2025-11-21T17:15:12.000Z,5
99,ass,2025-11-21T17:15:15.000Z,0
100,mesozoic,2025-11-21T17:49:32.000Z,0
101,fernan932,2025-11-21T18:46:30.000Z,0
102,jamillepp,2025-11-21T18:53:36.000Z,2
103,juancho,2025-11-21T20:19:02.000Z,0
104,daniellanao,2025-11-21T20:58:48.000Z,0
105,briicheese,2025-11-21T21:06:37.000Z,0
106,plus002,2025-11-22T01:57:30.000Z,0
107,jcpells,2025-11-22T03:24:33.000Z,0
108,keiki,2025-11-22T14:11:38.000Z,1
109,chino53,2025-11-22T14:14:22.000Z,1
110,aylen,2025-11-22T14:19:56.000Z,1
111,cdipietro11,2025-11-22T14:24:08.000Z,0
112,luubermudezz,2025-11-22T14:29:22.000Z,0
113,azanini,2025-11-22T15:13:44.000Z,0
114,santg,2025-11-22T15:35:13.000Z,0
115,nachocid30,2025-11-22T15:52:20.000Z,0
116,viespil,2025-11-22T18:15:22.000Z,0
117,hmstah,2025-11-24T15:17:15.000Z,0